FemaleFrequency,MaleFrequency
37,165
15,55
11,46
180,1051
7,32
314,990
0,6
15,18
2,19
95,566
10,11
50,122
5,28
7,12
16,73
1,8
111,424
10,59
15,98
3,19
6,7
0,11
34,162
84,451
1,6
0,8
95,416
92,162
0,6
44,139
0,8
0,47
1,6
7,19
5,8
327,1137
5,25
321,1229
276,1256
3,8
0,13
0,6
14,81
8,27
0,6
29,138
1,6
0,6
0,7
0,9
8,38
0,9
0,7
4,20
0,14
44,258
129,466
2,37
2480,11269
20,146
24,108
0,9
636,2414
0,11
0,10
10,50
7,26
102,535
3,16
0,6
8,47
26,74
25,55
0,8
0,6
0,6
0,42
160,769
13,12
1,12
4,13
21,18
16,10
0,11
2,36
24,43
0,7
132,814
201,1197
8,29
2,10
830,4058
289,1369
0,22
0,11
15,85
4,24
0,6
69,317
477,1946
0,10
0,6
50,118
13,77
2,12
0,9
0,6
0,8
0,7
2,10
74,303
0,12
5,10
0,10
0,6
4,23
0,8
8,44
2,14
3,17
0,11
86,132
0,8
241,1191
0,12
2,22
141,698
0,7
0,6
13,58
88,470
0,8
3,25
7,42
0,25
8,18
507,1302
25,15
12,91
15,69
4,19
0,12
6,28
0,6
0,8
2,25
0,9
1,10
5,12
0,15
11,24
4,51
3,32
12,34
1,6
1013,4030
28,31
0,18
2,6
23,47
124,531
5,62
15,46
98,478
2,8
0,9
31,68
79,439
4,10
7,24
3,26
50,256
0,9
0,10
16,66
9,27
0,18
16,22
376,1855
5,17
0,10
154,529
5,55
4,41
1240,5478
4,19
1,7
38,58
117,407
0,12
10,19
0,13
1,10
8,20
0,26
0,6
4,11
0,7
0,36
3,12
5,20
6,44
15,109
0,15
71,128
3,28
54,53
4,23
0,16
2,8
1,8
0,6
1,7
244,307
32,93
13,72
2,6
0,10
2,21
0,14
2,11
2,9
76,214
0,38
0,11
16,11
13,11
575,2055
0,11
0,21
3,20
1168,3326
725,2272
0,12
0,10
15,173
5,32
13,15
0,12
0,7
6,34
28,159
5,31
4,26
88,350
0,6
7,53
1,7
12,77
4,29
4,11
0,12
6,43
0,9
5,15
8,54
2,43
2,45
0,9
0,12
16,31
2,7
0,12
207,882
16,120
1,6
0,6
2303,11095
11,28
0,16
2,26
48,200
1,31
1502,6837
1,15
0,8
3,13
0,10
4,26
0,14
1,20
6,33
0,15
2,27
100,280
8,39
3,7
6,8
10,107
0,11
9,26
13,69
0,23
130,808
51,204
1,19
0,6
1,13
0,31
71,416
84,413
1,20
0,8
26,88
6,14
6,13
4,17
6,9
6,19
6,26
9,56
0,10
11,36
3,10
0,30
1,22
212,899
2,15
22,57
19,27
31,176
0,8
5,9
16,15
0,7
0,8
201,738
1,23
1,15
0,6
12,12
174,1002
0,8
0,6
63,356
4,15
327,663
1,6
46,121
0,23
0,13
4,62
53,323
1,7
530,2606
0,11
472,2431
0,9
1,88
0,6
16,11
26,20
2,14
4,10
2,41
99,510
9,54
9,16
1,15
3,13
0,9
2,17
0,32
4,59
26,56
0,9
65,683
24,150
4,14
0,10
0,6
1,14
261,1524
32,338
2,15
0,9
270,1129
0,8
17,120
5,16
119,751
42,169
10,17
0,9
3,13
10,37
63,454
2,11
0,20
43,67
177,831
10,89
19,91
47,160
337,1790
7,7
28,78
0,6
0,6
10,51
0,9
0,16
5,36
7,39
0,6
0,9
0,6
1,11
0,12
0,6
6,8
4,24
0,8
9,63
0,10
0,8
61,299
0,8
351,1013
1,7
0,9
0,8
1,9
140,483
54,400
4,30
585,3066
7,34
655,3365
2,7
0,9
13,46
52,366
0,8
144,589
25,119
1,18
4,12
13,12
93,573
0,9
24,65
0,7
94,251
0,18
10,53
7,30
0,7
3,6
11,86
16,16
320,1087
55,126
218,634
2,16
0,11
4,10
292,1215
266,1266
0,16
0,9
3,40
0,9
13,33
1,27
3,37
9,27
95,382
0,13
2,28
16,57
24,113
1702,6545
2,14
1,14
0,8
101,597
0,9
0,18
0,6
4,8
295,1369
6,15
5,13
5,72
6,17
0,10
1,13
2,13
1,19
15,13
187,805
29,104
0,6
3,6
0,28
58,174
1,35
0,6
31,121
233,1083
4,9
0,6
4,51
228,1064
59,240
0,7
3,7
13,32
0,8
114,708
41,127
15,50
466,1285
66,136
4,14
0,67
5,27
0,7
2,10
2,25
20,143
4,21
23,137
3,6
0,18
27,159
13,42
0,8
2,71
0,12
59,368
1430,7185
0,9
0,19
5,28
0,7
0,42
6,40
1,12
2,13
174,822
0,6
8,25
268,638
4,16
127,734
0,18
16,14
18,63
0,6
4,31
8,15
2,29
3,7
3,59
6,12
1,10
12,78
13,46
304,1757
2,9
3,13
86,448
4,8
17,116
0,6
4,7
60,406
22,30
2,6
2,8
89,569
0,10
13,112
103,476
92,225
13,147
27,149
0,10
0,8
0,9
4,27
0,7
0,10
128,504
0,7
4,52
110,265
2,6
3,21
176,576
3,11
120,288
0,8
1,21
0,25
36,65
158,823
1,10
165,769
16,12
1,6
11,27
0,10
23,55
11,16
0,15
0,12
61,252
23,150
5,7
0,19
5,8
183,720
3,15
37,134
0,12
311,818
20,56
0,7
2,10
7,6
193,726
1,12
3,30
0,12
0,7
181,1108
17,46
3,11
225,768
179,537
3,6
61,365
0,14
0,8
2,20
1,12
50,172
4,8
15,78
762,3070
2,22
0,20
18,165
0,10
0,6
4,70
0,17
3,16
74,411
0,6
18,90
180,760
5,102
2,20
1,7
0,11
5,17
84,228
22,36
7,23
0,9
1,14
6,16
40,24
1,6
0,6
0,6
0,8
1,27
61,297
0,10
11,20
42,220
1,11
14,54
140,886
2,45
8,28
16,68
4,33
162,1114
0,10
0,10
1,10
87,380
8,13
4,6
4,28
361,947
37,180
4,11
0,55
13,87
0,28
0,9
0,6
13,39
80,395
2,15
2,7
7,13
17,37
2,14
0,9
654,2870
0,8
0,9
0,7
9,31
0,22
979,4459
0,8
107,1044
181,819
8,40
0,7
43,47
5,13
0,7
0,7
176,559
9,45
1,9
20,58
10,27
0,9
48,165
0,8
30,9
0,7
44,274
441,1819
14,16
0,17
53,308
8,9
9,17
0,18
136,729
0,11
20,52
6,7
9,26
2,16
0,6
110,407
72,275
6,45
0,10
5,11
9,24
82,358
2,7
29,54
1,16
9,28
26,61
9,39
4,11
0,7
3,51
3,10
23,224
342,942
0,19
53,396
0,8
7,32
0,10
14,163
1,14
1,39
0,10
8,14
0,26
19,86
0,9
12,6
10,14
120,505
118,421
0,6
8,50
0,6
12,72
133,983
1,8
0,12
8,49
586,3339
1,15
7,40
0,6
0,7
19,23
711,2882
7,23
0,31
0,12
1,18
10,34
0,6
0,6
2,8
0,10
11,62
93,359
0,8
0,7
6,45
14,24
46,373
0,7
0,9
27,128
39,169
123,183
7,53
12,22
2,48
0,7
55,247
0,7
1,16
18,74
6,6
14,133
0,10
58,131
2,9
0,15
47,169
48,115
3,20
3,27
6,32
0,8
12,94
2,8
157,359
6,10
0,6
0,6
27,70
0,13
118,372
1,27
22,76
0,13
336,1383
10,26
113,573
0,13
853,3069
16,115
0,30
0,14
0,18
26,110
27,34
3,14
0,6
1,36
1143,6806
0,7
4,22
624,2872
2,34
1481,6182
30,174
3,7
0,6
4,14
0,6
0,8
44,66
1,8
218,1120
0,10
5,12
31,170
14,53
0,6
0,6
0,13
0,6
71,340
25,88
81,497
0,13
0,6
0,16
0,7
442,1449
0,6
0,8
15,116
0,7
4,20
5,26
0,6
347,1953
287,1631
4,8
48,308
4,23
0,6
1,9
0,6
0,6
3,60
28,118
23,100
9,6
2,19
181,592
150,559
0,19
2,8
63,301
2,6
1,18
4,7
1,16
0,6
572,1922
5,13
106,718
0,10
34,171
9,46
8,61
3,7
11,68
15,30
8,35
652,3109
0,23
14,100
13,79
2,10
58,203
0,14
7,25
0,9
3,10
12,90
98,354
20,171
0,29
9,128
6,21
0,6
14,92
0,9
0,21
8,51
105,599
2,13
0,6
5,20
2,12
87,348
0,6
0,7
0,9
16,9
134,478
1,13
0,7
0,7
15,155
5,27
7,13
10,56
7,8
6,53
20,28
0,6
18,44
0,6
0,6
0,10
0,10
151,695
28,379
44,335
30,106
58,154
4,13
7,9
11,211
10,24
2,29
12,9
15,82
0,6
9,29
4,9
4,6
1,11
0,8
1,11
47,113
68,238
27,154
2,51
4,26
4,12
159,406
0,6
0,6
14,77
2,20
1,11
82,409
344,976
0,9
0,20
0,7
0,10
4,60
4,30
97,430
0,7
53,43
5,19
37,186
0,18
0,6
18,59
0,11
0,6
0,9
6,22
0,6
0,6
9,125
0,12
18,99
12,25
20,44
36,111
40,145
28,35
0,12
13,62
1,12
3,9
404,1567
4,30
0,14
0,19
9,96
13,40
21,93
2,7
0,8
8,16
0,41
52,117
2,23
2,14
0,49
1,19
0,6
4,10
16,45
0,18
15,89
2,36
15,52
1,8
4,28
3,59
0,34
0,16
74,323
9,37
20,101
0,19
28,166
58,118
14,24
11,95
13,67
0,6
453,1698
353,1391
114,531
0,7
0,6
0,10
31,253
48,228
13,73
83,366
0,8
10,76
258,1210
0,6
0,16
5,46
0,9
706,2798
7,11
0,8
385,1382
11,25
0,7
0,7
4,9
4,7
3,7
0,9
107,299
0,9
382,1948
0,33
9,35
6,14
0,17
73,401
0,8
7,14
0,9
0,51
19,36
11,38
0,7
0,12
3,13
0,7
36,8
107,367
0,13
6,21
4,22
71,46
8,27
35,111
0,6
2,60
7,12
0,33
0,10
3,21
2,19
23,82
20,130
2,14
0,25
58,246
30,164
2,39
5,17
18,53
261,542
481,2101
1,77
7,40
6,9
12,47
85,407
0,6
0,27
3,10
120,685
0,15
0,6
1,19
6,6
67,207
0,7
0,6
5,26
156,975
654,3580
15,16
84,284
1,6
20,83
11,68
19,102
11,23
0,6
0,9
5,16
9,17
0,8
108,483
7,94
0,28
2,24
373,1742
0,7
107,472
17,28
102,481
8,9
95,471
1,9
17,15
1,13
0,9
0,6
1,49
6,43
30,140
3036,13565
818,1792
366,2197
63,272
4,78
57,413
23,196
623,2812
4,16
0,7
108,492
0,6
0,6
370,1449
9,23
8,16
7,6
19,40
0,10
58,315
0,6
2,10
0,22
1334,4142
30,164
50,199
5,37
0,6
0,21
3,9
14,90
0,11
138,660
16,75
64,249
7,33
0,32
225,1119
0,17
9,50
951,4128
156,708
7,15
6,8
51,323
0,6
0,23
2,7
12,31
6,22
3,44
1,9
16,157
0,19
5,13
2,7
1,9
0,6
0,8
121,686
7,15
3,7
0,19
14,138
0,13
38,115
27,107
0,13
0,8
0,9
0,6
0,9
30,96
5,59
38,111
2,6
500,1754
21,14
0,8
8,110
2,73
2,9
0,36
4,7
51,176
0,30
0,7
2,80
0,7
0,12
3,7
0,10
5,15
14,15
3,19
0,6
2,41
5,20
55,300
16,182
0,9
55,230
0,11
45,203
0,12
68,323
2,37
25,79
0,6
312,1468
4,11
0,6
53,311
175,554
40,215
5,31
2,8
0,11
929,3538
0,21
0,6
100,548
0,6
0,17
4,20
17,29
0,6
0,6
7,21
30,129
71,84
4,8
0,8
0,7
6,52
0,11
2,14
1,7
3,7
6,26
0,45
1,12
1,17
2,23
0,34
587,2565
0,12
8,71
283,919
16,121
0,8
77,295
16,12
1646,5785
0,8
1,10
3,23
1,9
692,2087
920,3377
4,9
11,10
94,337
1,11
38,198
0,17
144,1142
450,3199
4,24
0,6
1,13
27,124
0,6
2,18
42,287
11,10
5,8
0,9
13,73
4,9
510,2376
0,8
7,22
2,21
511,1594
53,175
0,10
0,8
0,6
15,56
69,183
9,53
0,8
1,25
41,75
0,23
0,6
144,567
41,101
0,9
4,14
60,247
2,19
5,25
0,6
26,29
7,57
3,7
0,11
25,121
3,8
39,133
8,35
81,359
0,8
1,7
45,162
31,167
1,12
0,9
5,21
0,12
0,6
1,14
2,31
39,101
0,7
4,15
242,1084
0,6
40,102
26,44
0,45
4,55
4,10
0,22
0,13
0,7
27,205
0,8
2,6
0,8
32,133
7,13
328,1547
2,20
38,124
2,16
926,4352
0,15
0,10
0,9
43,229
96,464
4,24
95,424
1,9
0,6
2,9
21,50
1,6
7,18
0,6
39,283
49,177
0,6
0,6
4670,18755
0,14
0,7
71,209
2,13
0,8
6,11
8,115
0,6
0,10
5726,25020
134,795
23,121
31,199
0,10
55,222
0,7
1,8
137,648
15,18
280,1047
24,13
0,10
0,6
563,1865
0,10
17,15
2,11
0,13
0,6
200,1019
24,32
48,181
0,8
0,19
16,43
0,6
0,7
5,24
0,29
0,11
2,8
1035,4652
0,9
1,7
4,100
14,114
0,9
9,35
1,27
271,700
8,103
0,7
1,8
3,9
101,497
432,1798
0,41
0,13
0,16
22,170
3,18
136,742
659,2910
2,24
0,8
5,13
43,106
17,179
11,40
4,17
1,23
0,21
0,30
0,7
1,27
1224,4780
1,13
46,190
6,18
28,68
1844,6335
2,16
5,6
0,9
0,14
3,10
1,9
871,3536
196,897
160,442
0,8
30,10
15,35
0,13
2,21
8,11
0,11
0,9
0,8
13,34
159,1154
0,8
3,25
0,8
858,4127
55,251
0,11
3,22
0,6
87,555
15,6
0,8
10,55
0,11
74,321
6,6
0,6
209,655
6,58
3,8
1,8
0,6
0,6
0,11
77,264
111,663
2,8
0,6
6,8
0,7
5,12
713,3361
0,17
46,191
0,7
1,43
0,6
0,17
113,500
90,349
0,11
0,7
1459,4967
334,1487
40,27
100,506
0,27
61,103
527,2175
1,15
75,316
29,58
0,6
0,10
23,47
0,11
3137,12340
1,37
0,6
0,10
10,51
0,11
2,6
0,10
0,9
0,6
2,31
9,53
12,102
15,41
30,331
0,8
0,6
140,662
1,10
11,73
45,245
7,7
11,70
2,15
0,9
15,23
0,7
2,32
1,16
8,24
0,13
4,10
148,711
25,196
1,7
523,2461
271,1228
130,584
2,16
0,19
0,11
144,716
229,821
14,17
2,17
5,22
0,6
0,12
26,195
1,10
8,44
4,14
0,27
0,8
4,19
1,17
11,67
110,432
79,644
0,9
0,14
0,45
3,10
6,16
0,22
11,167
0,10
28,17
48,141
89,241
2,6
0,6
15,92
36,125
23,92
3,17
0,18
1,7
1,11
0,8
0,9
173,1316
100,497
99,737
21,189
0,9
7,6
32,224
20,29
257,1285
103,475
6,61
0,7
258,1736
0,17
34,294
7,10
4,12
8,22
25,155
10,69
2,37
16,84
1,7
0,7
0,6
17,18
128,274
6,30
0,9
0,6
0,9
6,11
39,272
5,20
0,37
1,28
2,32
0,6
0,8
0,10
2,16
5,20
17,9
47,222
48,142
23,104
0,8
0,6
36,146
0,88
3,92
2,18
11,23
0,6
1,13
0,6
0,9
35,49
13,111
2,20
11,36
4,46
456,1347
3,16
0,8
0,8
397,1980
0,28
1,12
0,23
2,19
15,120
46,153
24,96
59,289
0,6
0,10
257,1239
2,18
17,96
77,290
1,20
3,19
26,324
3,57
24,22
6,6
46,121
76,336
0,8
0,7
1014,3914
2,16
184,512
1,10
14,86
2,28
1,7
4,7
204,833
0,17
47,187
28,68
2,24
133,358
224,878
45,140
0,6
22,85
1,45
6,19
0,9
74,552
22,76
0,52
5,10
3,37
1,14
62,446
50,301
52,385
5193,19386
18,72
0,17
3,20
1,12
1,10
17,102
0,8
0,18
20,68
0,27
7,6
2,22
0,13
164,534
9,41
0,6
2,23
50,170
6,25
3,32
1,12
0,6
7,58
0,12
83,187
0,8
5,23
9,17
6,38
82,578
11,70
0,9
3,32
0,7
291,1487
61,389
3,10
8,35
0,9
25,19
0,9
0,11
0,12
0,6
43,174
0,6
126,765
0,6
85,349
28,191
9,30
4,11
0,7
22,181
1308,5747
0,7
5,7
0,8
0,6
0,8
2,7
0,6
0,6
0,13
4,26
1,24
13,8
176,718
3,21
0,10
6,20
0,13
23,111
135,474
14,19
9,24
29,99
37,126
4,10
0,7
0,6
3,9
0,22
0,23
36,265
66,210
23,79
12,17
1,36
2,7
1,10
0,8
3,17
502,2581
2,53
10,25
0,10
99,497
6,19
78,323
0,13
13,79
39,119
0,6
0,11
0,6
0,6
0,10
2,16
0,6
0,11
0,8
2,16
0,9
0,10
2,13
130,484
44,85
5,54
0,6
127,344
101,555
358,1684
217,666
0,8
0,15
50,495
64,220
8,18
0,40
23,190
3,13
1,11
0,13
613,2754
3,16
160,650
0,6
0,31
9,14
9,33
0,8
0,11
0,8
0,11
10,67
24,214
0,7
0,7
9,17
10,45
199,843
7,37
0,11
3,20
0,11
22,77
0,7
0,7
2,19
1,7
0,6
1,10
0,6
80,338
26,107
0,8
76,227
0,7
2,15
2,10
3,10
6,25
15,49
113,543
50,59
218,622
0,10
0,48
44,80
6,48
6,39
3,8
500,1748
2,10
5,84
6,19
0,10
1772,6929
178,436
345,2945
10,75
77,393
482,1874
2,14
0,8
0,6
83,247
6,16
1061,4040
17,36
75,186
1,7
30,114
0,13
3,12
279,1066
113,215
26,23
29,191
1,54
53,162
1,7
6,6
1,11
2,7
91,526
15,83
10,47
0,6
0,6
22,225
1,54
23,39
0,8
20,90
0,30
527,2807
393,2003
3,9
204,2629
16,7
2,13
199,521
51,342
0,12
1,8
0,11
38,227
0,6
2,18
3,32
19,35
1,6
8,38
71,191
12,23
12,38
0,6
0,30
6,15
0,32
0,10
19,89
186,568
77,521
244,896
0,18
2500,11604
0,9
16,65
7,19
232,1572
27,32
14,79
0,15
0,96
1,18
4,13
0,6
23,33
40,283
107,375
628,2579
0,6
7,18
1,9
0,6
2,13
6,28
14,178
0,10
11,8
0,6
0,16
39,206
1,39
583,3146
21,178
0,12
0,9
14,16
0,7
6,34
0,10
22,78
0,9
0,9
0,7
45,84
4,26
17,65
0,14
2,30
0,8
0,6
22,123
14,71
117,494
304,1519
0,30
29,74
0,10
140,493
0,10
381,1753
16,48
6,24
0,10
1,10
846,3179
2,15
2,14
8,42
7,14
6,50
131,848
0,14
101,502
3,8
22,79
2,17
0,14
0,6
0,6
0,7
73,504
0,13
0,10
0,16
147,831
0,6
39,128
13,47
140,922
0,7
0,6
418,2011
4,6
89,319
0,6
26,56
3,35
7,11
2,29
894,4209
1,9
1,6
35,79
0,8
0,6
8,18
2,19
0,8
0,6
0,10
0,6
21,22
27,176
91,428
7,42
29,102
3,20
5,20
10,85
0,6
271,1264
0,29
1,10
0,18
12,14
3,12
5,16
271,1127
1,8
0,8
40,57
11,48
3,9
8,60
735,3014
65,429
0,8
38,106
52,309
0,11
5,13
2,8
8,35
37,252
0,63
17,85
4,18
0,21
9,139
31,158
1,9
14,70
345,1726
0,6
52,136
0,14
10,28
3,24
36,82
0,7
8,49
32,151
0,6
0,10
3,18
0,15
0,9
2,25
2,28
3,6
11,36
7,19
85,243
0,6
12,108
4,13
21,61
11,23
0,7
18,125
3,6
9,12
42,241
3,17
653,2837
16,80
0,33
7,12
29,129
39,208
12,78
2,6
0,14
0,11
124,555
1692,8196
42,77
4,28
57,333
2,28
0,10
3,13
39,93
61,140
2,6
2,15
0,6
0,7
0,7
1287,5499
4,21
3,53
8,29
101,231
0,6
8,17
0,27
578,2523
0,7
0,9
25,86
0,10
1,20
0,20
10,7
0,10
4,13
40,261
11,48
325,720
0,8
5,60
0,12
0,9
6,50
23,162
1,9
0,10
121,215
0,6
19,159
0,15
5,15
246,1348
13,59
0,21
8,19
26,14
26,14
5,36
1,10
2,17
0,7
143,642
0,9
10,29
71,332
24,35
0,9
0,22
13,14
0,7
20,47
0,11
23,71
0,8
47,94
0,15
0,8
2,21
0,6
115,554
9138,39022
0,11
0,14
1,13
53,94
4,62
0,15
4,39
12,24
27,105
0,11
1,8
99,262
2,43
0,9
3,15
33,145
6,12
532,2409
0,6
461,2595
27,154
186,722
1,14
0,10
0,23
3,9
3,8
0,9
86,490
38,125
153,447
1,8
10,28
0,10
0,9
12,16
7,18
18,24
2,14
0,7
30,186
1,6
0,6
25,186
3,8
1,7
13,72
67,359
83,276
5,53
2,20
7,15
0,37
10,12
3,8
11,23
1,10
0,7
531,2426
0,15
2,8
21,105
6,31
25,183
4,24
9,104
0,6
14,84
0,42
0,8
527,2534
4,8
0,15
1,40
29,18
13,96
1,12
0,15
106,298
0,6
135,182
4,15
0,11
11,100
731,2386
0,12
3,6
0,6
2,15
17,59
0,6
0,47
20,19
9,107
0,27
0,6
25,52
43,238
34,128
0,9
4,14
2,37
26,143
5,37
0,8
104,450
1,17
0,14
40,160
3,13
62,272
0,12
39,137
31,183
5,27
16,84
2,19
4,31
1,9
8,14
53,130
124,568
2,30
2,13
12,45
22,51
23,115
3,7
0,18
13,141
64,333
1154,5185
5,25
16,118
16,59
2,6
0,22
159,907
89,134
36,366
32,305
0,6
1,6
3,10
0,9
7,46
19,125
3,28
0,6
0,6
86,308
70,252
0,9
6,6
24,81
10,19
6,47
10,18
57,188
1,8
38,106
0,19
20,88
13,42
0,9
14,83
4,7
4,34
2,21
5,43
52,357
0,19
4,29
18,126
40,164
2,15
26,101
39,265
0,6
0,6
0,6
16,98
22,121
1,12
13,15
1,8
0,10
1,8
28,17
46,146
0,6
0,7
2,21
12,70
43,120
20,119
228,1175
97,354
21,111
7,25
0,9
2,23
8,74
2,9
58,188
2,20
0,6
9,39
750,3554
98,424
11,36
3,13
4,31
98,464
0,13
156,736
0,8
13,61
665,2903
0,7
1,6
0,9
59,264
4,9
9,107
0,9
1,17
0,6
17,17
1288,1889
4,24
1279,4807
1,33
234,1096
164,470
17,47
202,743
23,65
0,10
0,9
10,49
0,6
0,13
3,21
5,69
34,229
0,6
19,35
1,7
33,213
15,28
9,52
3,11
0,6
0,11
7,45
1907,8029
59,163
0,8
9,24
2,9
100,688
1,6
0,7
60,159
1,7
37,215
41,73
3,14
3,10
86,451
16,14
0,6
1,13
95,287
0,7
9,10
22,24
1,6
0,6
2,25
0,8
369,1634
0,27
0,6
7,31
54,109
1188,4720
15,112
409,1779
6,23
0,12
0,8
0,15
0,6
0,9
18,124
0,8
0,9
21,38
0,7
0,12
0,18
2,24
0,12
329,1546
5,10
13,104
1,8
5,20
33,139
6,18
8,15
7,54
1,12
2,15
0,16
0,7
0,7
2,33
4,6
0,26
33,137
15,31
6,21
1,11
2,6
1,6
3,8
0,13
16,6
1149,5123
12,42
78,621
0,7
0,14
0,6
523,2025
69,398
0,15
11,31
5,29
1,9
1,7
212,582
0,6
1,6
0,6
0,23
0,6
19,114
0,8
2,8
38,192
6,7
211,696
0,15
0,7
13,70
0,6
2,20
57,444
177,608
0,6
2,7
41,134
0,17
0,6
75,468
0,10
345,1492
0,7
0,17
63,217
124,337
52,413
0,10
4,7
309,1550
1,6
4,9
0,7
0,9
57,182
9,15
0,10
0,6
5,66
1,11
4,78
15,22
407,1639
6,82
1,10
18,47
210,955
2,9
0,9
4,8
160,549
2,10
0,12
0,9
0,10
17,192
2,12
22,181
10,15
444,2112
1,7
0,6
6,9
51,181
14,48
10,6
7,64
1,7
7,15
16,105
14,17
0,12
0,6
0,6
0,9
97,544
97,319
0,17
2,10
6662,28183
16,18
1,10
74,101
352,1233
0,6
2,18
28,21
26,59
6,27
0,8
302,1393
0,53
0,6
91,302
0,6
0,6
53,201
2,19
44,303
0,10
0,9
0,8
8,6
7,17
0,6
19,52
0,14
74,125
0,17
0,11
310,1244
1,50
8,61
0,17
2,20
56,213
0,8
0,8
426,1591
0,31
7,24
3,63
0,21
6,38
6,14
18,106
0,6
0,8
14,36
0,7
37,202
0,11
49,109
0,6
2,7
13,77
48,244
2,36
15,9
51,219
551,2712
1,6
42,242
0,15
41,270
0,8
4,8
0,6
0,19
0,8
7,19
0,7
71,387
159,692
22,115
1,13
6,31
0,6
68,261
20,148
0,19
7,10
0,12
0,6
5,35
19,30
97,558
1,10
0,10
3,24
2,12
6,44
0,10
243,1058
8,23
0,8
38,69
2,8
11,32
7,7
0,30
868,2893
0,6
0,7
3,15
0,8
0,7
13,34
0,14
0,6
1,53
1,8
0,22
2,68
0,7
0,30
95,485
11,10
0,10
4,35
456,2038
148,544
526,3518
4,53
4,11
9,25
77,286
0,10
0,8
0,14
1,7
3,36
0,15
11,26
0,10
56,103
20,103
0,9
5,42
5,38
1,12
1,6
27,148
4,7
16,25
2,13
4,19
5,15
4,20
4,10
1,15
30,256
435,1557
100,577
124,356
49,341
6,13
556,3056
99,470
15,79
1,15
32,59
34,121
0,7
1,7
0,7
1248,6083
9,60
9,46
0,7
5,13
12,18
29,194
0,6
5,10
11,27
6,46
103,335
0,24
352,1733
1,10
42,353
45,317
11,124
5,7
0,6
32,324
14,6
76,422
16,56
3,10
0,6
5,6
0,7
0,9
0,8
26,89
0,6
24,108
1,6
0,11
15,48
19,78
2,17
38,267
0,6
0,8
15,84
7,37
40,238
17,14
0,18
0,6
375,1545
4,23
247,658
5,9
0,24
0,9
35,60
637,2851
7,17
21,77
15,52
552,2220
4,34
160,232
0,6
43,359
0,7
8,97
1,7
0,13
72,231
0,12
2,11
0,6
3,76
6,21
3,11
1,9
113,434
0,6
20,104
18,93
0,13
49,311
0,6
2,8
2,7
20,20
0,6
73,388
11,22
1,7
56,256
2,7
505,2002
245,1171
51,216
147,481
0,14
5,35
1104,5833
0,10
14,12
5,21
0,7
5,10
6,10
2062,8898
8,94
12,36
6,10
1,11
0,6
0,6
0,9
11,153
0,12
25,78
0,6
34,36
2,8
0,6
180,873
9,28
22,42
66,455
3,18
0,7
2,7
33,128
13,12
8,57
0,15
0,8
78,358
14,18
2,73
588,2897
7,22
4,9
0,9
23,79
0,7
5,46
4,7
1,22
209,917
3,19
2,6
9,61
0,6
4,20
23,218
0,12
38,90
0,15
1,6
0,6
1,34
0,9
0,19
2,9
20,13
0,8
312,946
11,11
3,32
1,16
0,13
0,6
0,10
1,16
10,39
421,1538
2,11
3,13
0,30
10,12
221,1054
73,149
0,6
9,17
5,11
0,18
29,234
11,41
12,108
18,73
4,36
3,76
2,62
0,6
0,32
0,16
0,10
0,7
63,296
15,23
21,37
3,40
25,88
0,7
159,449
17,198
0,9
0,11
0,7
0,9
23,37
12,34
0,60
0,14
2,21
4,15
13,20
2,14
16,233
0,16
0,6
59,204
0,9
18,63
1,28
2,24
16,56
2,12
6,21
9,8
8,29
79,321
2,6
0,6
0,7
0,15
1,22
6,59
20,117
1,6
0,9
5,9
0,7
13,87
9,81
2,32
0,14
9,18
0,9
3,8
178,801
0,7
212,1126
11,22
0,19
0,6
3,10
0,8
0,8
0,6
0,6
11,61
54,54
91,308
1,20
3,9
12,110
0,8
1522,6167
1,6
70,345
0,7
1,20
41,126
52,40
15,7
35,181
89,382
28,34
25,138
0,7
4,9
868,4702
114,464
0,28
120,567
6,14
29,83
25,34
30,96
15,20
9,17
52,243
231,603
15,81
4,10
2,8
6,37
0,8
6,6
1,13
32,261
0,8
27,107
0,7
43,128
3,6
1,20
64,342
0,9
9,38
14,42
12,12
69,226
48,223
0,6
6708,29483
11,101
25,74
296,1207
5,8
0,6
0,6
84,249
15,31
0,16
10,17
2,15
190,385
2,13
23,89
6,29
27,129
28,172
243,1023
0,7
0,40
0,6
0,19
144,1053
10,111
176,427
438,1714
2,6
4,39
261,994
0,25
0,10
27,133
7,11
35,144
0,37
3,6
0,26
9,56
5,6
23,139
10,44
5,10
16,128
22,107
0,12
5,52
1,8
0,6
0,14
34,178
163,972
0,8
8,61
0,6
23,163
1,17
0,7
1,7
1,6
14,26
0,12
2,34
6,12
27,93
0,22
0,8
41,209
91,447
0,11
4,30
1,8
0,10
183,699
104,950
2,23
2,34
0,8
10,107
0,11
1,16
7,26
37,207
2,6
0,10
1,31
372,1369
0,56
9,14
5,29
2,13
8,35
0,6
0,7
6,48
4,9
19,174
2,16
2,17
153,407
0,6
0,11
66,47
0,6
5,18
8,13
0,6
2,20
121,401
43,153
1,16
15,65
25,158
60,375
0,14
14,128
3,7
2,25
19,94
223,839
2,17
13,15
2,6
41,129
0,6
669,2713
0,26
6,6
25,30
389,1521
2,25
1715,7970
3,21
0,8
157,488
0,6
78,335
2,13
90,258
0,6
43,221
2,13
1,8
2,8
0,46
0,9
3,33
1,6
1,15
4,9
0,6
7,34
3,24
20,171
9,44
10,44
0,7
119,995
8,13
49,318
386,2108
0,6
4,8
0,10
0,6
2,11
32,96
1,29
0,20
0,7
0,6
6,19
2,11
47,168
7,33
53,170
50,144
304,998
0,7
6,22
3,26
133,423
2,75
0,50
25,136
3,7
278,1198
2,19
1,14
0,9
0,22
38,151
3,14
10,47
14,9
0,6
55,246
0,23
13954,58688
3,25
0,18
65,374
7,16
0,36
5,8
0,19
24,65
27,173
0,6
6,9
3,26
216,704
2,8
0,6
0,29
0,11
0,6
293,699
347,1414
0,6
0,6
0,6
2,27
12,75
0,15
0,8
42,106
349,1201
1,9
0,13
1,6
13,158
21,47
6,6
3,9
4,24
6,23
127,1022
0,16
2,7
20,82
4,8
0,34
6,29
182,797
0,8
14,47
254,884
0,9
5,61
0,9
9,63
44,220
3,7
7,32
1,25
2,10
11,13
46,178
0,14
61,244
6,18
9,40
60,260
0,14
0,7
35,82
60,184
0,18
9,47
6,91
1,8
82,377
0,17
60,76
75,292
6,30
14,44
85,445
0,38
24,140
11,13
229,611
0,22
0,6
8,6
31,214
0,16
2,33
2,16
300,425
7,16
3,9
282,1266
5,27
66,275
4,28
375,1842
0,8
0,10
0,6
0,6
80,490
37,107
19,8
2,10
3,12
12,21
74,436
0,7
4,36
87,448
0,8
247,1059
9,41
0,12
5,6
16,102
0,6
0,12
26,38
17,85
0,9
2,26
5,36
5,6
188,877
0,16
38,369
27,108
22,108
114,420
0,6
30,44
24,96
0,10
33,91
146,942
3,16
110,352
3,9
0,7
749,3167
25,59
268,1293
585,3677
0,6
0,7
0,10
0,9
234,1051
0,50
0,10
2,8
2,57
130,266
2,8
2,19
0,6
0,6
26,87
3,23
0,37
3,12
0,8
0,8
0,7
2,19
0,6
0,11
0,6
329,1786
0,8
3,10
37,158
302,1094
109,361
35,51
3,9
14,10
46,94
1,23
13,30
21,164
2,44
8,92
3,10
2,11
5,18
4,26
4,8
277,1264
16,52
135,550
0,9
672,2754
8,88
4,6
44,153
8,22
27,161
2,38
0,24
8,36
7,39
10,14
1223,5086
3,17
6,28
2,12
12,90
0,10
15,73
0,6
0,9
1,6
95,650
0,6
51,138
115,651
11,13
7,6
4,15
0,16
0,6
22,79
0,34
6,22
2,18
5,33
0,35
3,10
2,45
0,16
66,58
0,11
9,21
2,7
3,9
0,12
81,154
0,15
3,13
27,135
19,65
0,8
10,31
212,919
52,193
6,69
0,25
82,637
0,7
4,19
2,18
16,49
71,239
0,6
5,45
0,37
8,14
52,178
240,841
111,311
0,6
2,7
0,22
0,6
7,13
6,8
8,109
0,12
0,7
2,14
189,1000
14,48
14,111
0,7
0,48
81,492
45,263
0,7
7,55
1,10
0,7
0,6
12,13
0,7
4,31
12,36
0,6
2,17
17,149
2,10
24,16
17,16
60,185
69,214
1,21
2,8
40,163
14,9
26,158
6,19
4,8
45,377
35,167
0,11
5,6
159,1030
8,40
7,52
182,1496
75,200
25,141
10,6
9,41
376,1269
9,19
3,7
0,7
0,9
166,966
33,110
19,18
0,6
1815,8001
0,14
199,612
43,163
6,70
1,30
0,8
5,47
136,554
0,10
11,167
0,8
12,150
74,508
0,6
56,283
16,98
108,540
2,16
0,6
15,44
9,7
0,6
0,6
0,11
704,2932
39,41
18,33
4,64
0,13
0,9
14,36
7,13
83,314
85,625
15,36
3,19
8,15
3,6
5,13
712,3296
2,7
0,7
0,7
16,59
8,20
1,7
9,73
0,8
0,9
0,49
9,8
0,6
150,693
3,9
51,245
1058,3578
0,12
5,8
192,689
24,137
9,19
53,159
183,888
406,1232
0,6
0,6
734,2791
0,9
0,25
322,1175
76,267
9,42
0,12
0,7
140,722
0,61
0,7
41,230
1,9
6,17
251,978
0,6
14,45
61,250
3,14
4,19
17,90
1,15
2,9
25,54
0,30
0,17
0,7
2,6
436,1374
1,9
1,14
12,55
1178,7249
155,1352
0,7
9,24
3,10
9,69
29,44
7,25
29,45
368,1407
4,8
4,6
0,9
5,77
212,1077
17,80
0,6
0,22
5,13
0,8
2,8
87,198
0,12
10,79
27,205
6,19
8,36
0,20
2,12
1,17
1,7
8,137
3,28
7,26
0,29
0,6
0,11
6,7
0,6
0,19
0,10
8,16
1,12
1,45
2,9
23,41
2,8
0,8
0,9
15,40
46,242
0,33
4,35
29,37
417,1894
5,6
0,6
0,7
388,2182
49,221
0,8
0,6
0,12
0,10
75,208
6,6
2,11
0,26
66,264
79,307
6,22
1,9
915,2804
0,15
7,15
0,6
1,8
0,13
0,6
0,31
0,6
0,13
0,6
9,44
62,408
375,1865
0,6
3,6
3,14
15,27
0,12
112,306
6,77
135,668
7,73
605,2281
34,69
3,23
2,8
108,541
10,22
25,163
7,72
15,96
0,11
0,7
139,467
1,34
21,16
64,244
0,8
468,1744
0,8
7,87
2,23
0,6
29,167
7,15
60,54
20,32
0,16
4,6
6,27
87,508
0,11
6,20
25,103
0,6
7,40
51,10
5,10
0,10
144,730
14,104
4,52
0,20
0,6
2,20
3,48
12,75
18,81
0,10
0,8
29,134
5,35
1,13
8,21
8,42
1,36
4,11
460,1969
7,59
18,108
0,17
52,143
9,52
55,381
0,9
0,6
9,6
9,7
0,10
1,13
0,14
6,8
3,10
0,7
0,6
10,175
5,35
12,29
0,7
16,127
239,1257
0,10
5,9
0,6
0,12
1,6
1,9
0,6
57,422
0,10
28,152
1,21
101,91
76,476
188,228
114,142
84,293
0,42
272,1111
0,6
26,143
12,71
50,136
38,168
0,7
86,119
1,14
2,6
16,188
0,20
11,78
300,948
13,91
37,387
13,63
10,37
346,1330
12,32
0,7
0,17
1,30
0,6
2807,13210
0,9
0,6
0,7
2,6
50,136
2,8
9,24
92,338
11,41
45,97
7,79
0,24
0,6
21,26
49,79
0,8
524,2182
29,193
45,218
0,18
3,82
2,8
8,40
0,9
0,6
700,2847
0,12
11,43
229,937
0,6
0,16
0,23
21,8
8,8
48,141
22,79
150,505
0,6
58,234
27,136
2,14
5,26
790,3464
28,170
0,12
7,17
51,543
2,41
0,6
3,11
0,8
13,81
0,7
6,7
2216,8958
0,12
2,16
28,200
0,10
15,23
0,32
550,2097
7,16
5,41
0,24
1742,7300
6,30
0,17
6,6
0,11
3,15
23,167
283,922
14,90
0,6
104,321
4,19
11,37
32,128
2211,8768
34,233
5,26
0,15
97,476
6,25
23,83
0,6
5,43
0,6
0,7
9,38
0,7
0,10
0,15
22,83
17,166
86,263
2,17
222,522
127,561
27,54
0,29
14,62
0,6
108,560
21,55
0,8
2,6
138,921
2,11
2,9
20,22
44,293
6,22
41,174
0,6
9,54
40,262
0,7
0,6
8,16
18,46
26,40
4,12
0,8
0,6
8,54
4,10
190,1280
807,3107
0,17
0,13
0,12
68,560
0,8
8,20
5,13
0,12
221,1241
0,16
12,85
42,223
114,398
0,10
0,6
0,9
0,6
1,9
7,13
2,7
0,6
2,12
2,80
37,224
0,11
6,18
1,15
0,7
0,6
3,38
2,12
1,9
0,6
119,488
12,59
6,17
5,6
2,57
0,7
24,51
7,37
48,152
68,139
0,36
25,87
4,9
4,6
8,14
0,6
23,193
59,204
1,14
503,2316
1,9
116,528
131,604
2,9
65,352
3,25
0,6
10,36
0,10
0,15
25,238
1,8
2,18
97,451
203,777
16,28
0,8
10,37
29,40
4,15
15,86
0,6
8,32
2,8
5,53
0,6
0,7
12,58
650,4433
12,33
0,9
0,8
205,647
0,13
0,6
1,12
3,8
2,14
130,631
0,7
0,10
0,12
1,15
0,7
2,11
3,79
0,9
0,6
16,35
4,6
2,12
0,19
7,29
1,9
92,145
10,63
16,104
1,9
5,61
0,18
4,9
4,48
0,20
0,14
0,9
2,12
52,121
62,220
0,6
2,6
0,16
0,6
0,9
5,85
274,1213
20,41
9,60
5,15
0,10
0,9
44,275
117,396
3,65
38,154
0,20
344,1309
6,20
4,17
0,6
11,17
0,9
64,101
0,12
0,6
580,3972
6,33
48,256
3,10
0,8
19,21
0,9
0,6
63,104
25,70
0,24
34,51
92,242
52,168
46,221
5,43
1,20
0,13
0,10
0,9
21,142
4,7
25,131
2,11
1,7
3,30
0,44
0,6
11,45
3,19
32,44
0,6
202,630
7,56
25,37
4,13
21,168
0,6
27,79
29,111
0,7
274,696
107,151
4,22
26,195
7,19
1,6
8,7
195,1035
1,46
59,166
3,48
984,5617
22,112
2,10
3,23
0,9
0,9
35,421
3,14
0,9
85,371
3,7
454,2307
9,53
5,15
0,6
6,49
1,8
3,38
14,18
0,8
0,6
5,48
1,12
6,8
81,245
0,30
0,26
0,11
9,27
474,1176
0,10
0,25
4,25
8,58
28,91
3,31
4,30
599,854
2,19
25511,106592
23,294
2,6
2718,11788
7,22
164,691
130,373
10,15
54,53
8,40
18,22
0,9
0,69
187,843
7,133
0,9
1,13
625,2990
1,90
113,465
1,12
0,28
4,27
25,90
1,10
20,42
61,355
0,6
108,446
430,2126
0,16
35,150
1,7
80,274
1162,3822
8,21
288,1174
0,12
3,61
23,103
0,35
1,14
4,7
3,11
3,13
2,13
0,8
19,76
0,6
0,21
2,12
12,106
10,47
10,21
31,92
1,13
0,6
7,79
17,151
16,7
18,66
0,8
9,53
0,39
6,45
0,12
18,71
78,267
6,38
5,46
2,10
0,15
24,130
19,45
1,19
4,6
0,8
0,15
52,162
51,191
21,80
2,14
74,416
2,11
5,20
0,9
3,17
1,11
18,35
0,6
4,12
9,78
51,193
11,75
0,8
0,16
4,18
6,11
0,7
235,1671
31,28
45,158
1074,3812
0,12
0,9
2,23
6,6
10,150
1,11
17,21
136,448
1,33
6,24
0,10
16,31
13,115
2,21
0,8
6,20
0,46
14,34
2,14
33370,151510
0,14
2,27
1405,6078
359,2072
1,7
2,25
314,2749
0,18
107,307
0,26
0,25
0,6
795,2936
8,58
3,19
0,16
17,25
10,7
0,6
7,6
0,6
0,6
4,8
2,12
6,13
59,179
0,6
0,8
0,10
2,9
0,9
6,17
304,1693
59,132
0,8
0,23
12,13
4,44
0,16
115,507
5,11
10,29
114,496
0,6
1,33
15,61
115,587
0,6
2,80
0,7
0,31
2,22
15,28
1388,6534
4,41
27,144
53,111
30,83
4,38
6,43
4,7
0,20
0,7
6,58
2,32
0,8
0,6
0,6
49,217
0,6
0,7
2,13
55,82
116,507
3,14
376,1460
0,11
44,364
2,7
355,565
0,6
45,102
1,20
0,7
8,43
3,29
402,2256
2,18
0,6
9,19
22,31
26,114
2,15
8,20
0,18
0,9
21,61
0,9
14,83
36,38
28,226
0,11
1,55
56,214
0,9
16,95
0,8
0,6
23,195
0,6
0,7
11,33
36,268
0,8
39,195
61,165
1,7
0,6
3,28
2,10
0,13
3,27
100,439
0,6
0,15
79,271
0,8
9,64
4,7
0,6
18,7
5,61
2,10
0,6
2,26
3,25
0,10
29,215
0,8
68,161
2,19
641,2823
3,41
3,17
0,8
0,15
0,29
8,29
0,8
98,180
3,21
19,84
4,16
15,65
9,74
0,6
6,15
1,14
0,8
264,1009
92,411
3,15
1,23
0,10
11,10
0,9
13,10
19,179
13,182
1,14
20,125
19,92
6,26
4,8
0,8
0,10
1,9
70,355
2,6
5,20
37,279
8,14
1,8
17,120
500,1028
36,269
4,53
0,6
3,24
81,103
3,8
0,6
0,8
0,7
20,26
3,7
31,83
0,21
52,205
66,248
11,62
12,17
11,91
3,61
6,11
1,80
607,1992
21,52
0,8
8,26
0,45
1,10
1,6
0,7
0,6
0,14
38,51
2,12
0,9
34,45
2,14
36,8
50,79
18,51
0,9
138,526
9,13
17,50
201,750
3,29
3,44
17,118
134,383
7,18
5,104
547,2255
14,49
29,117
0,15
2,13
51,355
46,197
0,12
26,124
1,6
6,49
1107,1488
0,8
5,36
9,96
0,99
1,87
0,8
8,18
8,21
0,9
12,38
0,7
2,8
192,906
0,6
0,6
0,16
0,7
30,117
0,7
1,17
83,153
21,71
13,83
85,414
12,149
92,276
4,24
18,132
0,6
1,7
0,8
0,10
5,36
18,54
5,17
51,177
801,4634
1,9
233,1419
81,609
248,761
1,10
445,2163
0,18
0,28
74,464
11,91
14,69
3,9
2,12
2,9
4,15
204,656
3,21
5,19
1511,5447
9,12
4,7
10,57
0,7
0,6
6,8
12,50
0,6
0,6
0,8
1,17
10,12
0,21
38,143
383,1675
4,9
0,6
0,6
67,240
9,53
10,22
0,12
12,43
0,25
94,611
15,90
0,6
13,85
0,12
1,14
1,27
23,100
6,12
11,44
1907,8067
285,1639
0,10
0,20
10,44
86,371
36,171
0,7
5,6
0,37
26,114
2,14
114,803
25,55
2,10
2,26
4,11
15,113
0,13
15,28
1,6
34,213
6,7
0,8
0,9
16,68
1,7
3,28
0,12
37,82
0,6
5,57
0,11
0,10
5,111
20,102
3,14
0,12
0,30
3,41
10,105
0,15
2,19
0,44
3,33
0,12
0,10
0,18
6,17
10,43
82,741
24,54
0,23
88,514
0,17
177,595
156,682
0,11
3,10
1,11
24,12
0,6
0,9
20,109
6,12
81,508
299,1487
8,35
9,62
0,6
455,2448
0,10
1142,3155
0,6
498,2150
19,132
37,154
5,13
0,6
2,7
18,24
24,98
6,45
0,6
7,23
0,15
0,18
0,6
86,260
35,171
7,13
0,14
56,158
4,23
150,328
62,373
0,6
0,6
0,6
3,23
0,9
141,707
0,7
5,7
0,31
2,13
0,6
3,10
81,736
5,31
0,7
369,2250
43,183
1300,5448
29,9
2,48
405,1037
0,8
3,11
0,8
9,217
662,3057
0,19
1,10
1,20
0,6
56,329
26,10
4,6
0,7
106,539
0,23
139,461
4,25
325,1689
0,14
68,381
155,860
123,498
0,6
3,14
0,6
7,6
10,32
0,6
9,23
38,39
0,18
21,107
6,47
69,335
6,12
5,9
23,156
81,250
178,1375
2,10
8,19
0,6
6,7
0,23
32,80
7,32
27,123
0,9
193,664
0,7
13,130
0,8
2,9
0,9
0,10
0,8
0,8
9,11
0,8
1171,8491
26,138
38,89
0,6
0,6
33,256
275,1103
0,7
384,2145
53,126
13,24
2,10
5,11
3,18
5,53
0,29
69,390
0,6
23,45
0,18
0,13
0,8
25,16
26,71
21,86
40,29
0,14
5,7
0,6
21,21
45,205
32,129
44,415
9,28
0,50
0,12
78,270
5,14
17,92
10,22
0,6
1,41
0,9
5,10
5,40
4,80
0,8
24,61
56,106
3,9
0,8
0,12
34,54
3,19
2,25
252,911
0,12
9,70
7,12
10,67
7,17
6,7
2,14
2,6
0,6
0,6
1,6
16,14
12,17
8,56
2,18
2,12
9,13
132,402
0,24
15,17
7,24
0,7
0,16
0,6
70,316
8,60
253,1151
0,6
7,17
0,18
112,691
9,17
103,411
444,1818
4,7
12,6
39,180
616,3098
85,426
5,12
10,35
0,8
8,27
72,148
3,64
6,11
0,16
1,20
1,54
16,224
15,27
1,14
3,38
3,7
2216,9953
12,192
147,537
9,15
0,13
147,650
0,10
0,6
0,19
2,46
0,8
29,44
5,82
11,25
1,11
0,6
1,6
5,10
8,14
11,14
2,7
3,20
5,8
0,35
14,34
261,999
0,10
84,376
1,10
3,8
20,122
5,6
3,7
2,9
0,11
1,6
142,292
2,16
0,14
0,6
1,16
5,55
1,11
0,6
0,13
44,173
2,6
11,109
382,370
2,48
0,9
1,58
1,34
21,20
17,141
194,1009
26,41
119,446
4,6
683,3100
1,10
3,17
13,108
0,7
7,34
1,11
1,11
459,1698
21,288
5717,25667
2,11
8,22
0,6
13,161
12,17
0,17
0,8
5,12
0,10
0,6
0,7
7,44
1,9
23,90
239,708
0,11
477,2031
61,78
83,514
3,11
3,17
0,26
5,12
25,174
17,119
22,49
7,47
0,12
7,6
17,139
50,96
1,26
2,15
0,8
0,6
11,13
43,182
4,14
0,21
0,6
0,12
0,7
2,6
7,49
0,14
0,8
3,10
1,10
0,9
0,12
106,168
2,7
2,30
8,21
0,15
2,30
2,15
2,9
0,6
23,6
5,11
56,252
10,75
8,112
0,28
0,8
5,7
0,6
0,6
5,19
0,24
4,15
18,51
0,7
5,13
17,82
84,463
51,181
42,236
1,20
673,1274
0,6
0,6
0,31
0,8
2,6
12,6
10,17
11,9
12,60
3,162
16,48
1,14
0,6
151,385
0,7
1,13
0,9
5,17
19,44
0,8
11,28
42,125
25,65
99,575
13,18
51,113
26,38
436,1449
4,65
2,12
20,72
6,97
0,6
3,53
4,9
18,57
0,10
2,16
1,25
0,15
0,6
32,149
10,58
3,43
409,1896
209,674
0,14
97,476
0,24
0,9
0,12
0,6
34,57
38,70
116,305
8,38
20,61
0,10
2,14
6,42
0,14
900,3443
6,25
0,21
1,6
0,7
534,2005
140,389
28,165
3,8
9,62
1,11
30,77
0,6
33,185
6,59
2,14
11,65
0,6
6,50
4,21
33,174
2,35
22,31
2,15
16,28
22,111
2,11
0,7
0,14
84,437
9,111
75,372
0,18
4,11
100,569
3,26
0,10
334,1566
10,34
9,14
0,22
12,218
34,178
0,13
4,53
0,6
5,9
0,7
6,11
1346,5712
364,1479
35,52
302,516
7,6
0,10
0,10
110,485
4,20
47,107
2,20
20,50
3,7
16,12
0,18
0,6
183,899
4,7
0,7
120,505
440,1770
0,6
9,20
0,8
119,754
33,135
18,116
26,152
4,14
2,13
16,58
1,29
2,14
0,8
0,9
23,83
2,18
2,6
0,6
0,6
1387,5050
0,6
0,6
122,608
5,39
929,3368
57,187
0,7
6,26
1,6
3,31
5,7
3,36
22,46
1,11
61,202
1,7
0,9
106,746
213,866
0,7
0,6
0,37
811,3841
13,83
3,51
0,7
0,6
500,2512
0,33
0,9
0,6
48,159
1,9
44,118
15,41
37,47
28,258
0,8
0,6
108,362
0,11
0,12
2,7
18,29
12,9
2,12
0,10
0,6
115,345
22,45
11,48
1,10
4,6
6,25
3,11
1,8
10,40
1,24
0,6
0,14
4,25
1,9
0,18
25,85
46,193
44,240
32,73
105,418
0,6
0,7
10,39
12,11
8,20
4,22
0,32
0,6
2448,9904
0,9
2,31
0,6
47,174
17,38
40,176
0,10
303,1305
35,195
0,6
29,85
4931,17966
12,63
0,6
6,35
12,59
0,8
2,14
6,35
0,6
1,29
107,151
6,48
657,3083
3,7
95,194
266,1074
67,369
53,99
14,10
4,14
15,72
9,16
0,7
3,18
12,34
0,8
65,283
8,41
1,6
0,14
8,33
0,7
2,25
0,7
0,7
0,28
0,10
0,11
1,14
4,35
58,228
12,24
3,31
30,548
57,118
6,23
119,491
2,12
0,6
0,9
7,29
16,58
10,10
239,991
0,10
2,9
0,17
22,47
8608,34289
33,130
3,50
50,124
10,39
4,22
2,60
106,308
0,6
0,44
1,11
295,1252
14,97
4,11
16,54
1,10
0,9
12,54
8,43
0,7
23,230
0,10
0,8
4,8
3,35
2,54
9,46
0,6
0,10
4,30
0,10
80,613
13,30
17,9
0,13
4,78
3,8
0,7
0,20
10,86
12,64
0,9
7,20
0,10
13,26
37,90
4719,16270
0,12
3,18
1,6
1,9
1,30
0,7
0,11
0,6
1600,6422
10,12
28,167
11,31
11,58
18,83
0,6
1,13
44,113
0,6
2,9
5,22
79,528
12,44
0,7
2,7
354,1632
0,24
0,8
0,28
0,24
0,10
0,13
2005,9770
0,22
3,13
0,11
0,36
7,48
25,65
3,6
0,19
0,8
29,26
0,8
270,747
4,11
0,7
9,57
16,68
189,806
27,84
147,881
102,540
1,6
2,7
5,57
0,6
1,9
6,14
0,7
0,6
94,333
0,6
55,251
0,10
12,124
1,18
6,93
441,2444
6,29
95,294
0,6
0,70
1,11
2,32
1,16
46,242
8,17
0,10
18,26
112,551
18,67
6,15
225,604
360,1081
1,16
116,215
6,20
16,128
4,49
50,205
12,45
160,660
43,122
15,93
5,17
0,6
0,12
0,9
5,24
27,95
189,718
187,845
2,31
138,452
135,566
0,6
1,8
27,206
9,48
0,6
3,7
9,11
4,22
0,6
3,54
7,23
2,21
0,6
0,10
0,12
202,949
17,119
58,229
0,11
105,584
2,11
0,7
0,16
2,8
0,6
2,58
3,9
10,32
2,8
5,53
0,7
0,6
3,14
0,28
0,7
280,1364
35,193
2,6
209,871
28,110
0,7
0,31
3,28
18,70
86,393
10,32
333,1943
75,123
2,10
1,18
3,14
5,25
21,58
0,6
25,337
23,175
1,8
23,62
1,29
124,1076
197,830
0,13
0,14
2,17
0,16
0,8
3,31
69,78
14,72
0,8
16,154
2,17
116,442
0,7
0,31
11,57
480,2974
14,76
11,91
17,101
0,22
4,68
4,39
1342,6227
11,68
5,21
360,2045
8,50
1,8
10,75
3,15
0,7
3,6
10,46
3,24
1,18
4,8
44,203
4,64
11,21
57,323
124,433
2,7
1,15
0,6
0,9
6,9
3,24
2,55
0,6
11,29
2,25
0,7
3,14
11,36
33,51
132,584
60,172
7,30
3,8
0,7
12,61
1,7
0,21
0,6
152,731
3,76
12,36
120,292
0,11
1,9
12,72
0,8
334,1593
10,56
19,114
134,173
378,1600
5,47
3,7
0,10
3,19
1,35
50,452
2992,12506
0,9
3,7
39,236
0,18
5,94
173,594
4,15
11,54
8,17
3,52
9,59
0,7
0,9
0,6
36,135
509,2203
0,26
3,13
26,167
92,473
48,254
0,15
0,9
0,7
136,524
0,7
0,19
257,1063
0,28
0,7
971,3703
0,7
129,608
22994,97738
19,138
9,7
6,20
110,336
54,250
4,6
0,17
2306,4682
0,9
3,9
2,8
16,153
29,41
3,8
0,24
2,8
45,235
16,89
0,23
103,484
5,43
0,8
0,11
0,8
7,27
0,6
459,1993
1,9
0,13
8,12
18,19
0,6
26,84
6,48
3,33
1,95
2,6
4,8
26,19
11,26
1,11
49,61
0,7
0,6
21,143
12,24
4,25
6,27
0,7
1,12
2,17
0,12
0,6
0,16
0,8
51,302
0,6
4,18
66,301
36,216
7,48
52,254
33,133
72,264
0,8
5,15
15,22
2,25
16,28
26,121
0,11
91,378
251,861
131,210
0,8
10,82
8,29
4,36
0,9
163,999
2,6
24,149
78,259
1,28
6,19
0,9
7,77
8,23
5,29
56,332
2,6
0,6
0,12
40,30
13,98
10,22
18,92
69,349
11,10
0,6
0,19
3,8
280,1030
13,55
3,13
2,42
0,18
0,7
47,280
0,16
1,6
6,53
668,2848
9,8
0,9
4,42
22,53
0,9
3,7
0,7
2,8
21,10
4,7
30,104
0,18
0,16
0,6
37,98
2,34
537,1949
37,138
1,6
0,8
44,79
37,91
0,6
84,427
0,9
457,2533
25,113
0,58
0,12
0,18
51,291
4,47
58,188
2,15
19,96
3,17
31,145
1,7
11,20
6,7
76,78
0,12
6,7
2,13
6,66
1,10
39,341
14,16
36,54
2,25
3,15
3,16
26,123
13,19
1,26
3,15
572,3459
296,1669
2,22
19,70
8,21
0,9
33,125
0,6
3,38
0,10
0,7
3,21
0,14
4,13
2,17
0,12
14,113
234,1354
3,6
818,3873
202,909
0,9
28,178
42,145
0,6
3352,19577
9,54
0,7
25,99
0,7
37,262
12,40
1,25
69,353
737,4627
1,7
0,9
9,40
2,10
7,119
44,220
175,528
2,6
17,142
4,12
3,9
2,40
178,1034
18,53
120,661
2,15
0,6
0,7
0,6
0,6
0,12
0,7
20,198
0,10
3,47
12,48
2,32
10,14
2271,9872
8,53
0,8
229,957
0,6
16,50
84,479
0,6
215,1392
19,24
164,737
3,10
17,196
84,511
18,41
250,485
211,564
8,12
253,324
2,25
2,13
2,11
0,16
0,6
29,31
0,16
0,8
0,12
0,6
1,10
0,11
35,196
3,11
967,4483
6,22
3,21
5,11
0,7
0,9
4,9
5,29
6,13
4,8
308,1626
4,9
0,6
0,13
60,332
11,11
0,15
4,10
0,7
18,10
0,23
13,105
5,27
0,8
2,19
84,340
1262,5398
53,202
16,113
1,25
9,44
2,21
349,899
1,15
8,36
7,27
97,355
78,651
24,96
20,50
12,26
598,2570
0,9
56,74
1,13
10,23
20,97
9,113
417,1711
520,1583
11,30
7,13
326,1370
4,31
87,233
74,399
0,6
612,2151
0,10
4,30
18,136
1,10
154,481
8,18
10,16
2,41
0,36
149,531
25,137
2,17
6,14
24,170
3,22
13,28
5,45
4,26
2,27
2,7
5,24
0,8
6,22
2,13
470,1769
0,21
9,36
0,8
0,9
0,9
0,7
0,10
12,46
7,8
1539,3687
0,16
233,1021
0,26
0,6
21,67
0,22
352,1770
12,9
0,6
2,52
39,32
30,159
7,20
0,8
16,212
0,9
5,25
46,158
0,8
23,24
0,22
3,8
6,22
2,7
3,18
162,1093
0,7
7,10
16,37
0,10
0,6
19,48
8,33
6,53
2,9
11,16
17,63
3,9
1,27
47,396
35,220
0,10
6,51
3,8
20,102
23,61
6,55
0,17
0,6
0,7
0,12
0,18
0,12
550,2594
0,6
90,662
0,8
0,15
236,1375
4,25
146,444
28,15
0,6
180,1646
47,153
65,150
0,6
13,51
6,10
0,13
12,54
9,45
18,8
18,58
0,7
0,116
0,8
0,13
1,6
0,11
79,304
0,8
15,100
0,6
25,184
0,13
5,66
2,7
10,51
0,6
0,8
0,6
0,15
0,7
0,11
3,46
83,247
26,216
14,154
4,26
17,133
0,6
0,6
0,6
8,7
0,6
0,12
225,1222
0,14
220,1362
17,151
3,14
0,6
1,14
8,53
1,8
43,64
1,9
13,52
24,108
1,52
0,6
0,12
5,19
0,14
12,9
3,8
241,632
0,9
12,130
46,266
0,14
6,6
2,7
5,36
149,938
4,11
137,592
44,210
0,7
32,244
2109,8354
2,7
1,7
66,353
20,107
0,12
216,150
2,30
27,104
10,20
6,33
70,97
0,8
72,64
570,2276
79,375
69,524
5,47
0,13
220,1518
0,7
2,7
209,303
0,17
10,59
27,45
8,21
173,540
2,10
80,452
2,6
3,62
0,8
0,28
1,17
0,14
1247,5676
13,52
0,16
8,97
3,7
15168,70043
32,37
25,227
6,14
1,28
0,9
4,13
15,61
0,9
91,239
0,6
5,46
0,16
137,502
81,446
29,202
4,28
57,68
386,1248
42,143
78,319
4,14
0,18
0,32
8,35
18,25
6,18
5,24
5,39
299,1667
0,6
0,8
4,7
4,11
16,93
20,146
390,2306
4,27
7,48
64,322
3,12
10,6
11,42
9,27
20,153
0,24
6,14
44,326
2,9
1136,3848
102,573
0,9
32,155
15,25
1,18
289,1583
0,12
21,69
0,6
2,19
953,3813
10,59
5,44
4,29
0,10
4,17
1,9
74,346
5,35
0,12
11,25
0,8
5,33
12,17
0,7
1,16
0,6
0,6
18,128
35,560
1,16
9,6
38,63
14,28
9,8
3620,13335
0,40
4,11
86,346
291,1571
54,206
5,32
0,7
3,24
0,14
13,33
0,13
431,1952
9,14
0,8
0,7
8,59
0,16
0,6
48,153
0,8
0,10
3,18
4,18
10,14
0,7
6,6
0,8
0,6
1,7
4,34
4,12
0,19
0,11
1536,6535
2,12
4,22
0,6
26,186
1,10
33,99
2,22
0,16
70,328
0,7
3,16
7,16
338,1313
838,3250
0,6
24,23
37,186
14,98
0,7
27,114
0,6
190,850
0,7
216,296
9,15
18,80
22,47
2,8
8,47
3,46
2,12
4,30
3,28
339,1987
565,2552
1,6
0,6
0,6
1688,8386
38,151
0,8
251,1469
1,7
4,6
56,149
0,8
81,233
109,510
36,270
0,9
6,108
0,6
597,2421
0,28
0,13
0,9
1,6
0,6
26,59
94,556
10,53
1,15
7,18
2361,11258
5,16
5,22
12,15
5,11
0,6
47,72
697,3186
3,12
5,23
12,13
4,23
67,248
60,289
0,10
6,30
1,20
30,79
23,31
0,6
0,6
2,12
1,6
11,85
0,6
5,18
3101,12577
32,71
18,35
4,36
0,6
2,8
0,11
12,19
0,10
377,1884
0,7
106,692
0,12
0,8
7,39
35,49
24,125
2,8
34,89
380,2292
1,8
4,7
35,136
0,11
0,7
9,55
36,298
6,31
362,1633
26,182
1,11
269,1210
140,720
11,58
3,23
221,966
0,11
5,101
66,698
2,15
29,107
331,1544
0,11
0,6
1,6
2,10
86,227
2361,9750
0,21
8,8
4,10
8,66
21,30
0,6
0,13
3,25
0,10
2,11
6,87
0,6
5,12
8,49
0,10
9,12
7,32
2,31
19,18
16,34
28,124
97,233
8,22
0,22
0,13
3,7
817,3776
1,32
1,6
154,614
5,9
3,21
2,33
12,49
0,7
4,6
4,36
8,26
22,6
24,128
0,18
58,249
8,43
0,10
0,10
4,19
0,14
3,12
2,8
291,1078
32,249
2,13
9,78
6,78
6,15
5,39
153,893
20,8
2,6
1,14
154,674
0,11
14,24
3,79
1,10
0,48
1,8
13,53
6,16
0,12
1,12
3,21
72,324
17,26
0,9
0,7
0,8
1,8
58,189
0,26
9,43
78,337
0,6
0,8
0,14
10,91
0,62
0,34
28,218
0,9
4,12
8,46
22,96
0,8
4,7
30,25
0,20
176,650
6,27
104,516
3,6
53,248
13,83
121,618
0,6
0,7
17,70
1,48
3,14
4,33
4,14
38,99
3,13
1,39
44,113
4,16
4,42
0,29
5,22
0,23
0,6
39,151
321,1860
11,12
20,74
8,41
4,22
0,13
0,10
509,3056
90,420
0,15
2812,10443
0,6
0,10
2,22
52,466
1725,8261
8,17
26,86
18,76
0,12
1,12
11,15
3,36
0,17
0,10
181,1128
2,18
83,387
65,294
76,384
23,127
2,19
0,8
14,33
36,146
8,34
52,110
29,180
0,12
0,7
0,9
37,285
2,29
31,218
215,1242
200,1104
19,59
277,1386
18,101
213,1066
0,31
467,1774
11,74
3,51
18,41
8,6
62,263
6,40
13,63
2,7
0,6
0,6
0,9
42,28
0,8
85,189
100,376
3,12
1,70
7,67
33,135
23,79
82,277
369,1397
0,6
73,187
12,91
42,90
586,2423
22,51
0,9
0,19
1,38
98,532
0,12
13,22
1,21
22,13
4,11
4,7
67,398
10,118
3,13
1,34
0,11
1,18
34,101
8,19
60,200
0,15
18,164
4,7
3,13
0,14
22,33
0,13
0,10
17,83
0,12
3,20
0,16
10,14
1,25
0,14
16,24
0,14
5,8
5,15
0,8
1,15
0,10
1,6
3,28
28,77
192,597
34,60
0,6
2,29
12,89
26,42
30,214
8,8
0,8
3,22
0,7
16,20
1,10
9,21
0,8
12,66
227,1156
0,14
11,183
256,1000
6,12
7,27
102,471
25,179
14,57
1,10
14,66
533,3053
274,1352
45,238
139,705
0,6
11,32
124,500
11,20
1419,5951
0,6
804,3412
6,35
38,143
6,12
14,102
18,16
0,7
22,17
215,1168
17,155
2,19
2,13
4,12
0,45
2,8
102,397
0,6
83,460
124,366
21,45
0,14
0,8
41,304
57,179
0,8
0,10
58,216
0,10
0,8
7,17
91,483
0,9
108,444
0,7
4,7
0,8
194,852
0,7
1291,5718
0,6
2,22
1,37
34,211
0,9
30,73
2,30
1,6
271,889
3,27
50,161
0,20
140,657
157,521
2,9
0,6
683,3750
73,606
10,7
0,9
22,24
2,6
1978,7468
1,8
12,105
0,37
4,28
17,80
13,19
10,62
4,12
1,13
0,7
2,15
12,77
2,14
0,7
1,12
0,9
45,251
6,27
76,254
56,235
7,6
253,713
0,10
15,76
142,832
1,6
44,213
64,249
32,167
39,232
254,1127
2,14
30,27
0,8
19,52
0,11
2,8
126,578
0,12
6,72
0,10
0,7
4,11
0,6
14,11
0,6
3,6
48,23
2,38
0,7
9,36
0,8
17,6
37,162
18,120
7,34
6,104
45,65
38,178
47,181
64,228
28,93
0,8
4,9
0,18
12,16
3,9
2,19
15,8
6,6
44,94
0,10
0,9
2,13
9,21
0,9
11,82
33,109
9,12
18,62
0,7
11,47
18,70
58,123
0,6
178,880
1,8
0,11
0,8
0,7
4,19
4,30
2,34
2,17
76,148
20,38
0,7
217,895
14,37
49,87
63,216
18,87
91,636
7,31
2,26
1,26
26,66
1,7
21,16
7,34
0,6
0,6
49,118
0,16
2,13
2,23
8,59
56,231
3,20
2,53
0,12
10,82
0,17
0,8
0,10
0,17
4,15
38,208
75,435
14,63
1,15
182,1052
0,6
0,8
0,6
3,13
0,6
0,15
1,29
77,275
14,86
82,260
0,8
271,1115
0,14
36,232
2,10
40,104
3,30
696,3233
0,12
1,13
4,37
1,13
17,84
0,9
0,8
0,9
5,10
9,40
14,9
0,8
19,62
1,15
0,8
96,383
1,16
0,9
44,191
8,37
15,46
10,176
2,7
0,30
18,144
7,9
1,18
0,6
4,22
2,44
34,125
0,11
0,10
0,8
0,8
7,23
1,11
63,148
3,64
34,276
2,7
2,13
313,1198
0,6
20,122
459,970
3,11
0,17
24,139
0,13
15,48
0,9
122,570
40,118
5,6
10,25
0,37
5,25
24,181
15,68
4,30
19,322
2,7
10,7
0,16
10,16
0,12
65,251
2,20
2,9
52,266
4,7
545,2109
0,23
0,7
0,12
569,3379
1063,3816
2,8
0,6
0,63
162,564
0,9
9,53
619,3756
5,7
1,17
2,14
6,44
0,8
2,8
2,18
0,7
24,281
5,7
113,538
285,1508
0,7
420,1398
0,8
50,78
0,84
18,48
549,2444
4,53
49,90
4,15
4,24
1552,7207
0,6
12,52
6,11
5,15
0,27
0,6
3,8
3,69
2,6
6,21
1,6
0,9
0,8
4,14
6,6
30,140
44,202
20,130
1,12
0,12
291,1701
10,65
0,6
0,6
25,161
0,6
2,10
4,15
0,7
0,6
0,16
105,396
11,25
627,2495
95,408
0,10
19,119
72,372
1147,3314
4,9
24,96
3,27
1,27
19,43
138,649
4,19
0,11
2,22
12,58
4,13
3,19
318,852
80,243
1,67
11,66
14,10
534,1934
4,40
258,1189
2,42
24,88
25,97
31,431
0,16
4,28
599,3421
52,241
263,805
423,997
0,8
210,619
478,2740
6,6
0,8
0,6
134,634
11,101
6,15
0,6
0,35
30,109
15,48
2,26
10,65
543,1804
43,77
25,78
3,11
38,247
249,1005
39,185
0,8
0,10
0,9
7,56
10,24
937,2940
0,6
9,18
215,1039
8,24
64,286
0,6
0,16
59,312
3,32
2,20
3,7
0,11
0,8
0,10
3,32
76,391
3,6
130,478
28,131
34,105
5,9
67,213
3,8
217,888
2,18
1,7
0,8
4,6
2,21
5,35
1,12
27,149
10,8
1,9
29,131
0,9
0,6
10,13
6,62
184,333
206,845
0,6
7,31
6,37
379,2086
7,26
214,1065
5,18
165,688
0,12
53,554
58,186
8,13
59,212
0,17
4,51
6,6
0,14
20,44
1,10
2,23
4,20
0,6
1,8
0,13
60,300
11,17
45,196
92,511
889,3783
0,10
3,38
2,35
5,20
2,8
0,38
175,283
293,1286
1,7
0,6
9,46
0,10
1,14
127,527
1,18
0,7
0,8
3,13
308,1250
9,80
23,213
45,254
5,24
12,52
6,20
41,202
1,6
13,44
949,3818
26,212
29,103
44,77
8,20
0,6
4,10
3,32
0,24
2,13
44,227
144,934
1,6
0,6
62,301
15,64
7,23
0,8
7,24
3,16
140,763
11,48
2,6
0,6
8,55
17,57
11,46
5,14
8,54
14,24
4,15
11,27
0,8
14,96
0,8
0,18
3,15
2,19
0,8
12,96
0,7
3,12
13,11
2,10
28,50
7,59
40,125
93,661
15,35
2,8
14,91
2,82
18,48
125,996
0,6
70,120
11,32
3,15
0,7
0,13
900,3748
0,20
154,608
2,6
6,64
0,19
21,128
6,15
257,1129
2,10
8,37
11,42
0,9
2,7
10,42
0,6
0,6
20,35
0,13
36,188
14,61
0,17
0,12
124,647
3285,12332
19,111
219,1041
6,13
1,46
25,129
3,16
68,203
48,210
11,54
20,16
2,6
2,10
0,8
2,9
1,18
10,94
0,8
0,7
0,7
3,8
7,21
162,508
40,50
3,29
0,7
527,2732
13,62
0,14
12,27
2,8
20,47
31,68
0,14
0,6
0,6
12,59
0,8
2,40
0,12
58,103
5,22
0,21
10,22
0,6
13,15
0,28
0,8
0,9
0,7
0,6
9,11
4,14
2,9
0,90
16,120
14,36
4,9
0,7
3,10
77,334
786,2889
31,184
47,444
121,416
0,10
0,8
0,27
11,100
0,23
7,48
24,72
2,9
0,7
7,22
93,226
454,2288
12,20
0,11
10,32
70,354
0,10
13324,55412
2,30
20,144
1,8
0,11
45,96
57,320
17,81
148,617
0,10
1,10
15,81
0,6
0,36
193,440
8,23
37,44
99,316
2,23
65,85
4,33
32,78
21,59
1,7
22,65
21,124
2,20
4,6
48786,224613
32,62
0,8
0,7
192,862
277,885
1,8
24,172
1,10
0,22
9,23
0,10
42,200
135,1062
1,18
0,16
0,7
53,418
11,70
22,57
0,11
12,16
9,29
8,26
38,211
6,18
43,240
0,12
0,10
106,569
1,18
4,14
1,21
2,35
0,6
290,1603
2,37
7,30
65,230
26,141
2,34
11,19
0,12
27,57
0,7
8,64
0,8
112,282
19,25
176,621
3,12
1,10
0,7
4,6
19,60
0,6
0,9
0,8
0,10
0,14
0,10
0,39
0,15
11,7
3,7
0,16
0,6
11,16
0,14
2,11
34,141
10,36
3,28
15,30
7,9
7,18
1,6
5,38
10,16
4,27
0,6
0,8
7,31
21,56
0,9
89,402
13,10
0,7
0,12
0,11
1,33
5,6
0,8
0,13
184,1049
224,915
8,12
0,92
0,6
0,6
69,376
276,1378
12,51
3606,13700
20,136
139,465
0,8
16,184
2,20
12,56
0,13
9,40
0,7
9,9
2,11
0,9
10,87
2,57
0,9
12,76
2,25
9,45
734,2575
328,916
1,15
0,19
3,9
27,240
3,22
2,16
0,6
4,23
0,8
58,150
0,7
36,188
241,1088
13,71
8,14
8,37
12,17
5,7
613,2717
0,24
2,14
12,10
0,6
113,258
0,8
946,4402
0,8
2,10
133,440
0,9
0,6
444,3200
503,1783
226,1380
3,8
3,11
112,338
0,16
1,24
0,6
2,10
0,6
30,145
6,17
18,54
17,188
0,20
3,7
0,6
32,158
0,7
287,1827
0,7
79,236
0,14
0,26
372,877
28,95
0,6
4,8
28,148
0,9
7,31
3,16
2,25
0,18
2,25
4,49
3,9
7,18
0,6
1,14
26,156
0,19
203,546
3,6
0,15
2,8
1034,5313
2,12
6,63
30,80
2,13
14,81
64,231
3,9
50,352
56,230
21,66
153,541
775,3037
315,1659
7,28
10,12
0,6
0,12
0,13
0,13
9,10
2,6
0,6
7,15
1,9
4,34
8,94
0,7
0,24
0,21
4,8
0,14
0,6
9,112
12,79
346,1316
6,6
0,7
1,45
30,132
884,3046
10,41
1,25
0,9
0,18
1,8
158,569
2,7
62,309
3,32
0,6
0,18
2,42
7,23
0,19
0,7
9,21
956,3712
2,23
0,7
328,877
65,304
22,90
0,10
4,9
8,12
0,7
49,212
18,112
0,6
0,36
316,1616
3,6
15,60
7,61
61,233
0,17
0,9
3,26
68,275
7,40
2,18
0,17
0,35
0,10
62,267
0,6
4,21
4,66
1229,3518
9,28
4,22
0,10
0,6
1,7
0,7
0,6
0,15
0,9
223,962
103,497
5,16
389,1524
1,18
100,285
65,184
4,8
10,126
2385,10512
154,653
38,210
18,89
9,13
5,7
24,61
1034,5296
20,33
0,17
17,111
38,205
8,10
24,109
3,63
6,35
0,11
17,15
6,38
22,107
3,24
4,14
0,6
0,18
2684,12550
0,6
25,144
1299,6896
160,650
0,6
0,7
1,12
2,47
84,194
9,48
0,23
0,9
0,15
0,8
0,12
0,32
1,11
0,12
8,23
4,27
448,2166
3,9
14,110
0,6
42,215
89,428
0,9
7,15
23,49
0,11
6,28
3,13
5,31
37,268
2,7
1,9
2,11
146,1024
0,11
0,7
0,12
14,8
18,84
1,6
18,72
1,13
1,6
5,13
5,12
203,848
6,35
2,15
5,12
0,16
1,18
30,51
4,40
8,22
21,70
522,2597
333,1526
15,99
7,13
139,486
101,137
68,204
4,18
5,22
1,7
21,79
3,63
162,774
0,6
3,11
3,22
2,7
21,97
4356,18902
0,9
14,53
179,840
10,17
6,20
100,511
0,6
0,10
0,12
51,161
0,18
0,7
0,17
2,16
10,26
5,10
0,6
0,11
6,10
9,42
0,6
15,81
16,42
22,101
1,15
3,13
8,26
390,1396
0,10
43,270
0,22
7,39
0,11
2,8
143,783
2,7
2,34
0,8
11,36
27,12
27,134
2,13
0,10
0,6
126,744
9,15
213,1190
324,1353
0,19
311,1356
6,8
2,44
0,6
2,56
0,19
56,325
0,6
32,66
5,11
2,19
47,269
0,6
32,88
1,38
0,7
2,9
0,9
180,1191
14,127
0,6
19,67
1,11
0,6
6,38
3,8
18,70
50,217
9,10
2,10
0,8
41,110
1,11
2,37
15,74
224,920
0,6
1,50
0,28
4,41
8,67
8,25
5,45
1,18
0,10
24,109
0,6
24,60
1,19
8,22
29,279
7,18
31,50
1,6
1,36
0,9
0,8
6,48
7,22
2,7
618,3002
79,247
0,7
2,19
110,542
85,529
11,42
123,356
3,10
6,59
1,19
4,17
23,39
0,9
5,36
0,9
52,435
282,1792
0,10
11,132
0,21
251,1052
56,404
0,6
560,2370
0,6
8,130
6,13
340,1530
0,6
0,6
45,155
4,12
40,199
23,140
5,14
54,371
0,14
53,165
0,10
3,41
175,399
2,152
2,9
20,52
11,53
0,6
3,10
10,34
78,239
0,17
7,46
58,231
31,252
0,10
489,2094
831,4206
0,10
5,30
0,9
0,51
2,10
4,10
3,28
0,7
0,6
5,19
0,12
3,16
0,18
11,170
11,53
0,8
0,6
23,51
1,8
17,72
10,7
10,47
10,31
85,287
0,12
13,73
0,21
24,112
3,37
3,11
22,117
2,6
7,15
6,50
222,726
0,6
7,9
77,222
8,23
26,104
12,17
0,8
0,7
0,10
5,17
5,48
72,406
16,138
0,8
0,6
17,36
12,25
8,25
20,109
0,7
6,29
8,33
6,36
2,13
3,15
100,580
4,48
3,11
0,18
0,16
7,65
0,6
0,8
60,422
4,13
444,2634
49,255
0,7
485,1418
0,46
4,63
1,33
0,12
19,111
13,7
0,20
0,8
12,22
972,3834
3,24
7,15
0,18
11,28
0,9
2,9
0,16
18,70
14,16
0,8
6,31
1413,5167
90,468
0,26
0,12
8,6
18,132
0,9
153,624
0,7
2,25
14,25
0,14
112,261
3,16
1,14
10,7
0,12
0,7
422,2363
21,127
0,9
9,15
30,58
13,37
8,39
314,1697
2,18
8,31
2,13
11,50
0,6
22,43
6,72
6,8
630,2387
35,217
0,18
0,7
9,17
998,3975
3,6
2,8
5,6
10,13
11,58
6,38
32,83
0,9
0,9
33,150
1,7
613,3752
0,17
0,19
530,2120
9,88
0,8
4,69
1,8
232,983
4,7
24,122
6,22
16,12
27,66
19,86
11,15
0,15
0,13
8,45
63,222
5,30
0,13
1631,6680
5,31
0,7
0,16
257,1515
4,54
11,124
2,55
0,14
16,75
5,7
4,22
57,225
799,3652
222,1084
0,16
0,12
0,10
386,1927
61,222
0,8
25,52
2,12
8,81
6,42
9,36
8,6
20,149
42,63
0,8
91,115
2,6
0,8
2,10
0,10
1,19
74,412
468,1874
24,18
2,6
0,6
0,7
6,13
1,9
2,11
0,16
6,63
4,23
15,10
0,6
0,8
0,7
0,7
0,9
10,48
1,54
476,1886
16,23
0,6
240,1541
2,10
480,2598
0,24
2,8
62,336
1,15
0,7
4,11
0,8
28,66
19,25
0,15
98,179
0,12
5,81
97,430
0,22
0,7
0,7
4,22
1,8
396,1794
0,10
26,157
6,8
0,12
4,9
32,98
175,485
170,796
2,33
2,56
1,6
15,41
31,73
0,13
1,10
24,59
0,6
209,923
261,1288
0,8
15,35
0,6
24,190
0,8
12,24
0,12
0,7
0,10
27,34
0,9
129,647
5,52
18,64
9,60
0,6
9,7
1132,2262
0,6
0,7
0,8
0,15
38,259
0,9
0,6
39,147
28,146
20,19
0,6
8,29
1,9
350,1067
1,6
0,6
0,9
0,7
0,7
162,596
8,29
921,3268
30,28
9,62
71,361
0,9
1,17
3,28
0,6
8,10
0,61
1,7
1,7
0,7
229,1062
397,2391
0,8
11,93
146,630
0,13
0,6
0,17
19,131
13,48
0,6
3,12
1,8
0,8
0,7
3,28
0,29
27,15
1,33
70,279
27,144
0,14
391,1530
12,16
0,10
0,9
4,9
51,204
0,19
0,11
2,29
4,41
5,6
8,38
0,15
4,120
654,3526
0,6
0,8
1,22
0,8
3,7
60,147
16,39
31,39
4,13
129,228
0,8
0,19
133,248
0,8
52,211
0,14
0,19
0,8
45,22
0,7
0,8
11,23
5,17
0,6
3,12
12,57
17,109
7,39
0,14
4,10
1,16
223,999
3,8
0,12
11,22
7,14
117,486
1,8
0,9
0,7
8,52
140,551
0,6
4,33
0,6
8,23
27,64
1,7
377,1713
2,13
14,124
66,189
0,7
16,47
0,6
645,2161
460,1498
3,6
0,19
252,1092
10,7
150,492
266,1173
1,18
3,59
32,142
17,29
72,375
0,16
3,55
7,37
0,13
3,37
0,16
0,6
2,16
0,21
21416,88800
41,231
0,13
10,37
55,159
19,14
169,652
8,87
33,85
10,36
0,33
6,41
5,19
3,27
1,8
0,11
788,3360
403,3102
15,11
38,207
24,90
101,908
9,29
12,14
0,7
0,9
1,7
19,372
6,13
7,22
0,32
0,8
319,1485
0,13
2,8
1,12
10,27
7,48
0,9
0,6
4,67
503,2015
0,7
1,11
1142,3428
28,125
0,10
10,9
15,132
8,51
25,224
8,15
39,140
0,6
4,28
0,8
8,43
0,8
30,79
6,16
3,6
127,789
0,18
67,429
0,12
0,9
36,245
15,25
1,13
12,18
1,21
0,9
0,19
0,6
48,181
112,419
1,24
0,15
0,9
2,6
14,69
13,41
135,632
0,9
2,11
0,7
3,12
0,9
0,10
37,118
147,435
2,18
7,81
14,26
0,22
0,6
0,22
0,6
4,43
8,44
32,180
136,377
37,118
70,277
4,8
1,24
134,605
0,8
0,14
13,11
362,1635
3,76
15,46
52,103
0,8
1,16
66,155
37,208
12,32
1,8
39,97
2,7
99,231
6,17
3,27
1,9
0,8
0,7
0,12
0,8
2,40
14,55
3,14
0,21
8,11
10,13
53,193
290,694
14,84
0,6
1,15
4,43
1,21
0,6
0,6
0,6
345,1044
1244,6498
549,2838
3,21
0,10
30,158
7,42
5,42
8,12
1,17
3,13
68,156
1,18
20,54
357,1490
11,15
84,440
4,30
0,6
32,118
37,90
0,6
2,11
0,16
19,101
0,20
16,124
0,19
0,7
7,64
4,26
75,434
313,1415
2,14
80,531
10,42
12,30
0,6
3,8
16,29
249,631
0,8
0,11
29,12
3,8
0,10
2,84
37,125
0,42
10,12
0,27
0,12
13,100
2,9
9,6
8,23
1,9
80,313
0,7
0,8
3,8
15,157
1,7
106,223
3,17
9,94
0,12
6,32
6,23
9,124
2,24
154,230
57,286
20,54
45,36
8,6
0,18
2,18
30,25
6,26
0,6
2,15
2,12
0,7
0,12
6,28
0,13
0,14
0,27
0,6
49,189
0,6
70,346
6,16
21,61
7,31
1898,10139
1,6
2,10
0,13
0,29
225,1172
6,65
1,8
12,68
0,6
1,20
16,43
10,12
2,8
335,1138
0,10
16,9
6,43
0,9
87,214
13,11
594,2285
0,6
71,488
2,17
12,88
13,70
176,841
2,13
2,15
2,10
91,615
1530,4868
16,44
2,24
16,79
106,583
0,9
0,18
5,45
476,2071
4,30
0,8
0,6
0,7
1,6
0,6
7,34
2,11
25,57
0,13
2,18
0,15
598,838
3,17
62,212
53,174
57,201
27,176
1,25
2407,14181
112,615
28,294
1,21
7,21
0,7
9,49
370,1379
24,112
19,6
1,8
3,9
26,68
0,9
11,83
0,9
340,1547
405,1793
27,72
1,18
4,13
9,35
361,1600
0,7
938,3420
13,20
8,23
7520,35984
40,180
43,129
0,6
0,9
125,280
1152,4850
2,40
0,12
78,536
0,13
1,63
2,8
0,6
4,25
0,9
0,10
0,6
37,227
2,7
1,16
0,6
4,20
21,29
8,11
5,77
9,7
0,6
0,6
53,196
1,32
4,11
7,14
0,7
0,6
0,11
3,9
0,7
0,10
27,57
5,13
5,50
0,6
366,1370
363,905
0,12
531,2209
2,16
3,10
12,32
3,6
0,11
38,231
1,14
18,33
193,1144
0,10
3,27
4,29
0,12
0,6
0,7
0,6
6,39
0,32
185,1057
124,436
4,20
0,7
520,2345
0,18
14,45
348,1604
1,17
6,6
3,52
0,22
20,6
0,12
2,6
4,152
0,6
0,12
3,27
2,6
0,14
25,24
0,6
2,7
9,9
3,18
0,6
0,7
1,27
0,6
256,1033
0,18
0,12
0,7
483,2169
1,6
36,20
0,9
0,10
2,8
5,27
0,12
0,11
12,55
26,49
2,44
0,15
0,10
0,9
15,46
0,16
30,186
92,396
4,7
0,28
144,690
805,2920
1,15
16,78
2,11
12,36
11,15
0,10
62,174
4,46
64,319
37,166
24,21
0,14
12,16
1,7
0,21
24,69
896,3838
1,16
8,21
0,10
64,189
4,35
51,404
71,328
1,18
3114,14616
6,14
0,6
150,905
307,1670
0,9
3,57
13,48
9,66
70,180
11,65
0,8
0,10
175,713
1,30
0,6
0,7
28,54
14,38
1,32
117,384
2,6
44,53
106,982
0,7
14,35
0,14
8,22
0,20
1,14
0,14
31,130
24,143
7,22
16,27
3,12
4,11
10,82
84,368
0,16
8,17
34,147
335,1330
7,23
603,2554
6,7
0,15
13,98
18,86
0,6
47,244
537,2471
4,13
10,13
15,86
28,52
3,6
0,6
1,7
142,623
7,38
10,8
7,13
1,14
10,20
1,6
968,3303
5,32
29,88
4,14
5,17
583,4104